<?xml version="1.0" encoding="utf-8"?>
<!--Created using XmlSitemapGenerator.org - Free HTML, RSS and XML sitemap generator-->
<rss version="2.0">
  <channel>
    <title />
    <link>http://www.mylearningplanet.in</link>
    <description />
    <item>
      <guid>http://www.mylearningplanet.in/forgot.php</guid>
      <title>Admin - Mylearningplanet</title>
      <link>http://www.mylearningplanet.in/forgot.php</link>
      <description />
      <pubDate>Thu, 22 Jan 2015 09:39:00 Z</pubDate>
    </item>
    <item>
      <guid>http://www.mylearningplanet.in/contact.php</guid>
      <title>Contact Us - My Learning Planet</title>
      <link>http://www.mylearningplanet.in/contact.php</link>
      <description />
      <pubDate>Thu, 22 Jan 2015 09:39:00 Z</pubDate>
    </item>
    <item>
      <guid>http://www.mylearningplanet.in/about.html</guid>
      <title>Kids Life- About us</title>
      <link>http://www.mylearningplanet.in/about.html</link>
      <description />
      <pubDate>Thu, 22 Jan 2015 09:39:00 Z</pubDate>
    </item>
    <item>
      <guid>http://www.mylearningplanet.in/blog-detail.html</guid>
      <title>Kids Life- Blog Detail</title>
      <link>http://www.mylearningplanet.in/blog-detail.html</link>
      <description />
      <pubDate>Thu, 22 Jan 2015 09:39:00 Z</pubDate>
    </item>
    <item>
      <guid>http://www.mylearningplanet.in/portfolio-detail.html</guid>
      <title>Kids Life- Portfolio Detail</title>
      <link>http://www.mylearningplanet.in/portfolio-detail.html</link>
      <description />
      <pubDate>Thu, 22 Jan 2015 09:39:00 Z</pubDate>
    </item>
    <item>
      <guid>http://www.mylearningplanet.in/portfolio-three-column.html</guid>
      <title>Kids Life- Portfolio Three Column</title>
      <link>http://www.mylearningplanet.in/portfolio-three-column.html</link>
      <description />
      <pubDate>Thu, 22 Jan 2015 09:39:00 Z</pubDate>
    </item>
    <item>
      <guid>http://www.mylearningplanet.in/portfolio-three-column-with-sidebar.html</guid>
      <title>Kids Life- Portfolio Three Column With Sidebar</title>
      <link>http://www.mylearningplanet.in/portfolio-three-column-with-sidebar.html</link>
      <description />
      <pubDate>Thu, 22 Jan 2015 09:39:00 Z</pubDate>
    </item>
    <item>
      <guid>http://www.mylearningplanet.in/gaurav_mehrotra_detail.php</guid>
      <title>My Learning Planet</title>
      <link>http://www.mylearningplanet.in/gaurav_mehrotra_detail.php</link>
      <description />
      <pubDate>Thu, 22 Jan 2015 09:39:00 Z</pubDate>
    </item>
    <item>
      <guid>http://www.mylearningplanet.in/mitali_mehrotra_detail.php</guid>
      <title>My Learning Planet</title>
      <link>http://www.mylearningplanet.in/mitali_mehrotra_detail.php</link>
      <description />
      <pubDate>Thu, 22 Jan 2015 09:39:00 Z</pubDate>
    </item>
    <item>
      <guid>http://www.mylearningplanet.in/samrti_sharma_detail.php</guid>
      <title>My Learning Planet</title>
      <link>http://www.mylearningplanet.in/samrti_sharma_detail.php</link>
      <description />
      <pubDate>Thu, 22 Jan 2015 09:39:00 Z</pubDate>
    </item>
    <item>
      <guid>http://www.mylearningplanet.in/blog.html</guid>
      <title>My Learning Planet - Parent Section</title>
      <link>http://www.mylearningplanet.in/blog.html</link>
      <description />
      <pubDate>Thu, 22 Jan 2015 09:39:00 Z</pubDate>
    </item>
    <item>
      <guid>http://www.mylearningplanet.in/education.php</guid>
      <title>My Learning Planet - Parent Section</title>
      <link>http://www.mylearningplanet.in/education.php</link>
      <description />
      <pubDate>Thu, 22 Jan 2015 09:39:00 Z</pubDate>
    </item>
    <item>
      <guid>http://www.mylearningplanet.in/edupower.php</guid>
      <title>My Learning Planet - Parent Section</title>
      <link>http://www.mylearningplanet.in/edupower.php</link>
      <description />
      <pubDate>Thu, 22 Jan 2015 09:39:00 Z</pubDate>
    </item>
    <item>
      <guid>http://www.mylearningplanet.in/parents_section.php</guid>
      <title>My Learning Planet - Parent Section</title>
      <link>http://www.mylearningplanet.in/parents_section.php</link>
      <description />
      <pubDate>Thu, 22 Jan 2015 09:39:00 Z</pubDate>
    </item>
    <item>
      <guid>http://www.mylearningplanet.in/blog.php</guid>
      <title>My Learning Planet - Parent Section</title>
      <link>http://www.mylearningplanet.in/blog.php</link>
      <description />
      <pubDate>Thu, 22 Jan 2015 09:39:00 Z</pubDate>
    </item>
    <item>
      <guid>http://www.mylearningplanet.in/about.php</guid>
      <title>My Learning Planet- About us</title>
      <link>http://www.mylearningplanet.in/about.php</link>
      <description />
      <pubDate>Thu, 22 Jan 2015 09:39:00 Z</pubDate>
    </item>
    <item>
      <guid>http://www.mylearningplanet.in/fun-evenings.php</guid>
      <title>My Learning Planet- Birthday Parties</title>
      <link>http://www.mylearningplanet.in/fun-evenings.php</link>
      <description />
      <pubDate>Thu, 22 Jan 2015 09:39:00 Z</pubDate>
    </item>
    <item>
      <guid>http://www.mylearningplanet.in/birthday-parties.php</guid>
      <title>My Learning Planet- Birthday Parties</title>
      <link>http://www.mylearningplanet.in/birthday-parties.php</link>
      <description />
      <pubDate>Thu, 22 Jan 2015 09:39:00 Z</pubDate>
    </item>
    <item>
      <guid>http://www.mylearningplanet.in/</guid>
      <title>My Learning Planet- Home</title>
      <link>http://www.mylearningplanet.in/</link>
      <description />
      <pubDate>Thu, 22 Jan 2015 09:39:00 Z</pubDate>
    </item>
    <item>
      <guid>http://www.mylearningplanet.in/gallary.php</guid>
      <title>My Learning Planet- Image Gallary</title>
      <link>http://www.mylearningplanet.in/gallary.php</link>
      <description />
      <pubDate>Thu, 22 Jan 2015 09:39:00 Z</pubDate>
    </item>
    <item>
      <guid>http://www.mylearningplanet.in/language.php</guid>
      <title>My Learning Planet- Language Lab – English and Japanese</title>
      <link>http://www.mylearningplanet.in/language.php</link>
      <description />
      <pubDate>Thu, 22 Jan 2015 09:39:00 Z</pubDate>
    </item>
    <item>
      <guid>http://www.mylearningplanet.in/learning-material.php</guid>
      <title>My Learning Planet- Learning Material </title>
      <link>http://www.mylearningplanet.in/learning-material.php</link>
      <description />
      <pubDate>Thu, 22 Jan 2015 09:39:00 Z</pubDate>
    </item>
    <item>
      <guid>http://www.mylearningplanet.in/math-workshop.php</guid>
      <title>My Learning Planet- Math’s workshops </title>
      <link>http://www.mylearningplanet.in/math-workshop.php</link>
      <description />
      <pubDate>Thu, 22 Jan 2015 09:39:00 Z</pubDate>
    </item>
    <item>
      <guid>http://www.mylearningplanet.in/olympiads.php</guid>
      <title>My Learning Planet- Olympiads</title>
      <link>http://www.mylearningplanet.in/olympiads.php</link>
      <description />
      <pubDate>Thu, 22 Jan 2015 09:39:00 Z</pubDate>
    </item>
    <item>
      <guid>http://www.mylearningplanet.in/remedial-teaching.php</guid>
      <title>My Learning Planet- Remedial Teaching </title>
      <link>http://www.mylearningplanet.in/remedial-teaching.php</link>
      <description />
      <pubDate>Thu, 22 Jan 2015 09:39:00 Z</pubDate>
    </item>
    <item>
      <guid>http://www.mylearningplanet.in/special-assistance-in-project-work.php</guid>
      <title>My Learning Planet- Special Assistance in Project work </title>
      <link>http://www.mylearningplanet.in/special-assistance-in-project-work.php</link>
      <description />
      <pubDate>Thu, 22 Jan 2015 09:39:00 Z</pubDate>
    </item>
    <item>
      <guid>http://www.mylearningplanet.in/special-education.php</guid>
      <title>My Learning Planet- Special Education </title>
      <link>http://www.mylearningplanet.in/special-education.php</link>
      <description />
      <pubDate>Thu, 22 Jan 2015 09:39:00 Z</pubDate>
    </item>
    <item>
      <guid>http://www.mylearningplanet.in/tutions.php</guid>
      <title>My Learning Planet- Tuitions - Classes I to VIII - All subjects </title>
      <link>http://www.mylearningplanet.in/tutions.php</link>
      <description />
      <pubDate>Thu, 22 Jan 2015 09:39:00 Z</pubDate>
    </item>
  </channel>
</rss>
<!--<guid value="e2d77677-5084-413e-a25c-75fe5c47adb7" />-->
<!--Created using XmlSitemapGenerator.org - Free HTML, RSS and XML sitemap generator-->